code,date,open,high,low,close,volume,amount,turn
sh.600906,2021-05-07,4.4298888700,5.3139021700,4.4298888700,5.3139021700,5722605,30860182.3500,1.144500
sh.600906,2021-05-10,5.8443101500,5.8443101500,5.8443101500,5.8443101500,2386141,14197538.9500,0.477200
sh.600906,2021-05-11,6.4336523500,6.4336523500,6.4336523500,6.4336523500,1827636,11971015.8000,0.365500
sh.600906,2021-05-12,7.0819287700,7.0819287700,7.0819287700,7.0819287700,1660014,11968700.9400,0.332000
sh.600906,2021-05-13,7.7891394100,7.7891394100,7.7891394100,7.7891394100,5672509,44982996.3700,1.134500
sh.600906,2021-05-14,8.5651066400,8.5651066400,8.5651066400,8.5651066400,5138358,44806481.7600,1.027700
sh.600906,2021-05-17,9.4196528300,9.4196528300,9.4196528300,9.4196528300,3134517,30060018.0300,0.626900
sh.600906,2021-05-18,10.3626003500,10.3626003500,10.3626003500,10.3626003500,3599981,37979799.5500,0.720000
sh.600906,2021-05-19,11.4037715700,11.4037715700,11.4037715700,11.4037715700,3499767,40632294.8700,0.700000
sh.600906,2021-05-20,12.5431664900,12.5431664900,12.5431664900,12.5431664900,26104910,333359700.7000,5.221000
sh.600906,2021-05-21,13.8004298500,13.8004298500,13.8004298500,13.8004298500,34660907,486985743.3500,6.932200
sh.600906,2021-05-24,14.1245680600,15.1853840200,13.8593640700,15.1657392800,398985760,5903245182.2200,79.797200
sh.600906,2021-05-25,14.2522588700,16.5801605600,13.9772325100,15.8041933300,341305264,5260673098.4400,68.261100
sh.600906,2021-05-26,15.7157920000,16.0595749500,14.7433773700,14.9398247700,260712431,4105803288.2700,52.142500
sh.600906,2021-05-27,14.7335550000,16.1283315400,14.4192391600,15.9122394000,262001307,4022914767.6400,52.400300
sh.600906,2021-05-28,15.5881011900,16.9632329900,15.4309432700,15.5291669700,239921768,3891489932.1900,47.984400
sh.600906,2021-05-31,15.2344958700,16.8748316600,14.9594695100,16.3444236800,210733386,3425278307.9000,42.146700
sh.600906,2021-06-01,16.3346013100,16.6489171500,15.8336604400,16.4524697500,170712851,2819172699.9400,34.142600
sh.600906,2021-06-02,16.5114039700,16.7078513700,15.4014761600,15.6175683000,165667407,2682195186.2400,33.133500
sh.600906,2021-06-03,15.4407656400,16.0497525800,14.7826668500,14.8317787000,158983914,2503123315.9600,31.796800
sh.600906,2021-06-04,14.7335550000,16.3149565700,14.6156865600,15.4211209000,220483419,3484325767.6600,44.096700
sh.600906,2021-06-07,14.9791142500,15.5979235600,14.7531997400,14.9300024000,131206000,2011898330.3600,26.241200
sh.600906,2021-06-08,14.9692918800,15.5586340800,14.9300024000,15.2639629800,135535209,2103386746.6200,27.107000
sh.600906,2021-06-09,15.2639629800,15.3228972000,14.8416010700,14.9201800300,90978420,1393211994.4600,18.195700
sh.600906,2021-06-10,15.0576932100,15.5291669700,14.6156865600,15.3916537900,132481358,2037134623.0300,26.496300
sh.600906,2021-06-11,15.3425419400,16.9337658800,15.2639629800,15.7256143700,221962186,3634400877.1200,44.392400
sh.600906,2021-06-15,15.5782788200,16.1577986500,14.9300024000,14.9791142500,161174782,2569053195.9200,32.235000
sh.600906,2021-06-16,14.6353313000,15.0675155800,13.8593640700,14.4487062700,161097107,2343996565.9600,32.219400
sh.600906,2021-06-17,14.2522588700,14.7531997400,14.1540351700,14.5862194500,102268086,1509261172.3500,20.453600
sh.600906,2021-06-18,14.5174628600,16.0497525800,14.4487062700,16.0497525800,178257459,2788009799.7100,35.651500
sh.600906,2021-06-21,16.0399302100,16.9337658800,15.7747262200,15.8925946600,211995337,3528266746.5800,42.399100
sh.600906,2021-06-22,16.4328250100,16.8453645500,16.0595749500,16.5114039700,171317187,2863300762.7300,34.263400
sh.600906,2021-06-23,16.5114039700,17.5918646700,15.8925946600,16.2265552400,190162066,3204464314.7500,38.032400
sh.600906,2021-06-24,15.9809959900,16.8453645500,15.9318841400,16.7962527000,161253758,2699804087.1800,32.250800
sh.600906,2021-06-25,16.6489171500,18.4758779700,16.4524697500,18.4758779700,219631077,3968205669.3500,43.926200
sh.600906,2021-06-28,17.8767134000,17.9258252500,16.6292724100,16.7766079600,216804454,3766239050.4500,43.360900
sh.600906,2021-06-29,16.5605158200,16.9042987700,16.3542460500,16.6980290000,97419785,1651052157.1400,19.484000
sh.600906,2021-06-30,16.7766079600,16.8453645500,15.8140157000,16.5801605600,113788544,1897371699.0500,22.757700
sh.600906,2021-07-01,16.7471408500,16.9534106200,14.9300024000,14.9496471400,134415744,2155881719.6700,26.883100
sh.600906,2021-07-02,14.9398247700,15.2443182400,14.6451536700,14.9103576600,71552036,1090577980.8000,14.310400
sh.600906,2021-07-05,14.7335550000,14.9692918800,14.4192391600,14.6353313000,69626407,1039064235.3300,13.925300
sh.600906,2021-07-06,14.6549760400,15.3032524600,14.2817259800,15.3032524600,95742089,1450190316.7500,19.148400
sh.600906,2021-07-07,15.0773379500,15.5684564500,14.9692918800,15.2639629800,76598940,1188719662.8600,15.319800
sh.600906,2021-07-08,15.4702327500,15.6077459300,15.0085813600,15.1853840200,82096329,1282124409.9600,16.419300
sh.600906,2021-07-09,14.9987589900,15.8631275500,14.9692918800,15.6077459300,97115403,1530187128.0900,19.423100
sh.600906,2021-07-12,15.6273906700,16.0792196900,15.2050287600,15.6175683000,108850183,1737544389.5100,21.770000
sh.600906,2021-07-13,15.4211209000,15.5782788200,14.8416010700,15.0085813600,83577838,1288704546.9600,16.715600
sh.600906,2021-07-14,15.0675155800,15.4014761600,14.8514234400,15.2246735000,73332982,1129901111.9500,14.666600
sh.600906,2021-07-15,15.0871603200,15.4898774900,14.8416010700,15.3523643100,75314332,1170673478.3600,15.062900
sh.600906,2021-07-16,15.4898774900,15.5488117100,14.9889366200,15.0085813600,74201822,1148351452.5200,14.840400
sh.600906,2021-07-19,14.8219563300,14.8317787000,14.4585286400,14.5567523400,56040670,834930380.0500,11.208100
sh.600906,2021-07-20,14.4879957500,14.7728444800,14.4879957500,14.7433773700,37848909,564485282.7500,7.569800
sh.600906,2021-07-21,14.7924892200,15.4112985300,14.7139102600,14.9791142500,68105781,1044844349.1200,13.621200
sh.600906,2021-07-22,14.9398247700,15.8140157000,14.8612458100,15.5193446000,110824610,1732895210.4100,22.164900
sh.600906,2021-07-23,15.4309432700,17.0221672100,15.3032524600,15.9318841400,172170928,2836096779.7600,34.434200
sh.600906,2021-07-26,15.7157920000,16.4328250100,14.7335550000,14.8514234400,148707042,2387588083.0100,29.741400
sh.600906,2021-07-27,15.2934300900,15.5684564500,14.6156865600,15.0969826900,133679015,2052054459.7200,26.735800
sh.600906,2021-07-28,14.8907129200,15.4505880100,14.0558114700,14.5763970800,103633242,1559516991.1600,20.726600
sh.600906,2021-07-29,14.7630221100,15.1559169100,14.5371076000,14.9103576600,76595790,1156927673.9200,15.319200
sh.600906,2021-07-30,14.7826668500,14.8023115900,14.1049233200,14.1736799100,80615484,1183373272.8100,16.123100
sh.600906,2021-08-02,14.1147456900,14.8121339600,13.2209100200,14.3603049400,100191714,1429257139.1800,20.038300
sh.600906,2021-08-03,14.0951009500,14.8710681800,14.0361667300,14.2719036100,76168772,1117413223.5400,15.233800
sh.600906,2021-08-04,14.1835022800,14.3406602000,13.9281206600,14.0361667300,60054410,861809281.9300,12.010900
sh.600906,2021-08-05,13.9772325100,14.1245680600,13.4566469000,13.5352258600,61385586,859051929.2300,12.277100
sh.600906,2021-08-06,13.5450482300,13.7513180000,13.4075350500,13.4370021600,40842081,562989227.2100,8.168400
sh.600906,2021-08-09,13.4075350500,13.9379430300,13.3682455700,13.6236271900,58458216,816778649.6900,11.691600
sh.600906,2021-08-10,13.5745153400,14.0361667300,13.4762916400,14.0165219900,68465473,960484973.4300,13.693100
sh.600906,2021-08-11,13.9575877700,14.0754562100,13.6334495600,13.6923837800,53974532,758710660.9200,10.794900
sh.600906,2021-08-12,13.6530943000,13.7807851100,13.4566469000,13.5155811200,39632270,547349697.0800,7.926500
sh.600906,2021-08-13,13.5353397000,13.6736570400,13.3179838800,13.3772627400,34690333,473383288.8900,6.938100
sh.600906,2021-08-16,13.4563012200,13.8317340000,13.4464214100,13.5946185600,48834040,673872199.9600,9.766800
sh.600906,2021-08-17,13.5452195100,14.6221188000,13.4563012200,13.7131762800,94098960,1334485493.6900,18.819800
sh.600906,2021-08-18,13.6143781800,15.0864698700,13.5649791300,15.0864698700,164545696,2412112193.5400,32.909100
sh.600906,2021-08-19,15.0667102500,15.6792584700,14.3850033600,14.4541620300,155432324,2348800806.6700,31.086500
sh.600906,2021-08-20,14.1676475400,14.8197150000,14.1083686800,14.3751235500,88173232,1291060937.4600,17.634600
sh.600906,2021-08-23,14.6221188000,14.7110370900,14.0589696300,14.1380081100,80325924,1162140395.6800,16.065200
sh.600906,2021-08-24,14.1182484900,14.4047629800,13.9404119100,14.1676475400,74247358,1063051497.4500,14.849500
sh.600906,2021-08-25,14.0688494400,14.0688494400,13.6143781800,13.7329359000,64941482,903602226.5300,12.988300
sh.600906,2021-08-26,13.6736570400,13.9206522900,13.6143781800,13.6538974200,43754485,608906107.2100,8.750900
sh.600906,2021-08-27,13.7329359000,13.8119743800,13.5353397000,13.6143781800,38785286,536824163.8600,7.757100
sh.600906,2021-08-30,13.6934166600,13.7032964700,13.0117097700,13.1203876800,60484056,813252090.4500,12.096800
sh.600906,2021-08-31,13.0709886300,13.4069021700,12.8931520500,13.2488252100,48449222,644888259.6300,9.689800
sh.600906,2021-09-01,13.1599069200,14.2170465900,13.0413492000,13.7230560900,94648468,1310835170.3200,18.929700
sh.600906,2021-09-02,13.7230560900,13.9700513400,13.5353397000,13.8317340000,69762057,972811234.4000,13.952400
sh.600906,2021-09-03,14.3257245000,14.4245226000,13.5353397000,13.5353397000,79197428,1118565351.7300,15.839500
sh.600906,2021-09-06,13.3377435000,13.9799311500,13.3377435000,13.8613734300,62766942,874948906.5100,12.553400
sh.600906,2021-09-07,13.7823349500,14.1775273500,13.5946185600,14.0984888700,72332776,1016660988.9500,14.466600
sh.600906,2021-09-08,14.0688494400,15.3038256900,13.9502917200,14.5233207000,108174111,1599302548.5100,21.634800
sh.600906,2021-09-09,14.2466860200,14.7209169000,14.1083686800,14.2664456400,67204036,975715081.9300,13.440800
sh.600906,2021-09-10,14.4541620300,14.6616380400,13.8712532400,13.9404119100,84224603,1215156429.6400,16.844900
sh.600906,2021-09-13,13.8317340000,14.0194503900,13.6341378000,13.6440176100,52668488,735471087.8200,10.533700
sh.600906,2021-09-14,13.6538974200,13.7724551400,13.3476233100,13.4069021700,41037061,561705186.6600,8.207400
sh.600906,2021-09-15,13.4365416000,13.6143781800,13.3377435000,13.6143781800,35458546,483085852.7200,7.091700
sh.600906,2021-09-16,13.5353397000,13.6835368500,13.3772627400,13.3772627400,30906280,422594410.1100,6.181300
sh.600906,2021-09-17,13.4859406500,13.6143781800,13.3575031200,13.5353397000,27745959,378837327.3300,5.549200
sh.600906,2021-09-22,13.3476233100,13.4365416000,13.2784646400,13.2982242600,24284336,327811518.8500,4.856900
sh.600906,2021-09-23,13.3476233100,13.5353397000,13.3081040700,13.3772627400,25097672,340476968.3100,5.019500
sh.600906,2021-09-24,13.3673829300,13.4365416000,12.9524309100,13.0018299600,32462316,432290458.5800,6.492500
sh.600906,2021-09-27,12.9721905300,13.1105078700,12.8536328100,13.0314693900,23658738,311236859.2200,4.731700
sh.600906,2021-09-28,13.0512290100,13.1796665400,13.0018299600,13.0314693900,19093626,252817314.5600,3.818700
sh.600906,2021-09-29,12.8832722400,12.9623107200,12.5078394600,12.5374788900,30118373,386495476.8000,6.023700
sh.600906,2021-09-30,12.6461568000,12.7054356600,12.3497625000,12.4090413600,22301458,281907126.1900,4.460300
sh.600906,2021-10-08,12.4979596500,12.5967577500,12.4189211700,12.5374788900,16322948,206721457.6200,3.264600
sh.600906,2021-10-11,12.5177192700,12.6362769900,12.2509644000,12.2904836400,20683728,260704711.2000,4.136700
sh.600906,2021-10-12,12.2806038300,12.2904836400,11.6186565600,11.8162527600,30831866,370839338.9900,6.166400
sh.600906,2021-10-13,11.7866133300,12.9326712900,11.7866133300,12.3695221200,42984001,536768148.7600,8.596800
sh.600906,2021-10-14,12.2608442100,12.4288009800,12.1027672500,12.3892817400,24103318,299244855.2800,4.820700
sh.600906,2021-10-15,12.2904836400,12.6066375600,12.1422864900,12.1818057300,23618397,294916401.6500,4.723700
sh.600906,2021-10-18,12.2015653500,12.3102432600,12.0533682000,12.2806038300,16062867,198492147.7800,3.212600
sh.600906,2021-10-19,12.2707240200,12.5671183200,12.2213249700,12.5078394600,24542564,309310323.0600,4.908500
sh.600906,2021-10-20,12.4979596500,12.6955558500,12.3794019300,12.3991615500,23646972,299584441.8800,4.729400
sh.600906,2021-10-21,12.4485606000,12.5473587000,12.2015653500,12.2904836400,23340494,292159001.5000,4.668100
sh.600906,2021-10-22,12.2213249700,12.3596423100,12.0928874400,12.1126470600,19363816,238981130.1900,3.872800
sh.600906,2021-10-25,12.1422864900,12.4880798400,11.8854114300,12.4485606000,33272843,410570217.9400,6.654600
sh.600906,2021-10-26,12.3300028800,12.4782000300,12.1324066800,12.1521663000,20952500,260881761.2900,4.190500
sh.600906,2021-10-27,12.1521663000,12.1521663000,11.6878152300,11.7372142800,24340361,292584085.6600,4.868100
sh.600906,2021-10-28,11.6384161800,11.9150508600,11.4704594100,11.4902190300,20900012,247252444.9200,4.180000
sh.600906,2021-10-29,11.4605796000,11.5791373200,10.9665891000,11.3123824500,27595773,315585623.2600,5.519200
sh.600906,2021-11-01,11.3222622600,11.6878152300,11.2234641600,11.4506997900,19247310,223296850.6000,3.849500
sh.600906,2021-11-02,11.3815411200,11.5297382700,11.0159881500,11.1444256800,22089449,251323695.2100,4.417900
sh.600906,2021-11-03,11.1147862500,11.3420218800,11.0950266300,11.2432237800,15666991,177655257.3700,3.133400
sh.600906,2021-11-04,11.3519016900,11.4408199800,11.2037045400,11.3519016900,16305921,186535790.4900,3.261200
sh.600906,2021-11-05,11.2728632100,11.4704594100,11.1839449200,11.2037045400,18320081,210070053.2100,3.664000
sh.600906,2021-11-08,11.1444256800,11.5396180800,11.1049064400,11.3914209300,18914071,216905814.6700,3.782800
sh.600906,2021-11-09,11.3222622600,11.5099786500,11.3222622600,11.4803392200,17473373,202072201.8500,3.494700
sh.600906,2021-11-10,11.4309401700,11.6384161800,11.3914209300,11.4902190300,18753000,217967378.9600,3.750600
sh.600906,2021-11-11,11.4408199800,12.0434883900,11.4309401700,11.8952912400,49317820,589217094.1000,9.863600
sh.600906,2021-11-12,11.8063729500,11.8557720000,11.6087767500,11.6878152300,26936232,318724710.9200,5.387200
sh.600906,2021-11-15,11.7273344700,11.7767335200,11.4803392200,11.5396180800,19549891,228848327.4500,3.910000
sh.600906,2021-11-16,11.5494978900,11.6186565600,11.1839449200,11.2333439700,24893332,286739257.6200,4.978700
sh.600906,2021-11-17,11.1938247300,11.3420218800,11.1543054900,11.2432237800,14478487,164615057.4500,2.895700
sh.600906,2021-11-18,11.2333439700,11.2629834000,11.0357477700,11.0555073900,18017300,203088099.1900,3.603500
sh.600906,2021-11-19,11.0555073900,11.7273344700,11.0159881500,11.4803392200,41554032,479064015.8000,8.310800
sh.600906,2021-11-22,11.4013007400,11.9051710500,11.3420218800,11.7273344700,49422188,584121711.4200,9.884400
sh.600906,2021-11-23,11.6482959900,12.0632480100,11.6186565600,11.6878152300,43781538,524217176.7100,8.756300
sh.600906,2021-11-24,11.6581758000,11.8755316200,11.6087767500,11.8063729500,28872400,343614492.6900,5.774500
sh.600906,2021-11-25,11.8063729500,11.9051710500,11.6186565600,11.6482959900,26679856,316753471.5800,5.336000
sh.600906,2021-11-26,11.5988969400,12.4979596500,11.5692575100,11.8854114300,54021987,660601846.0600,10.804400
sh.600906,2021-11-29,11.6878152300,12.1126470600,11.6087767500,12.1027672500,42123344,507927255.2700,8.424700
sh.600906,2021-11-30,12.1521663000,12.2312047800,11.7470940900,11.8854114300,32177395,389623406.0900,6.435500
sh.600906,2021-12-01,11.8854114300,12.3003634500,11.8458921900,12.1719259200,36113411,442602214.2100,7.222700
sh.600906,2021-12-02,12.1027672500,12.4979596500,12.0237287700,12.2509644000,45772900,570540855.6600,9.154600
sh.600906,2021-12-03,12.3102432600,12.4090413600,12.0533682000,12.2015653500,30262678,373586013.1800,6.052500
sh.600906,2021-12-06,12.3497625000,12.9425511000,12.1818057300,12.1818057300,54159282,688080868.5300,10.831900
sh.600906,2021-12-07,12.2904836400,12.4288009800,11.9150508600,12.0237287700,33308903,408079645.4300,6.661800
sh.600906,2021-12-08,12.0632480100,12.3794019300,11.8360123800,12.3596423100,39436254,485899944.4500,7.887300
sh.600906,2021-12-09,12.3398826900,13.5946185600,12.3003634500,13.0413492000,153050640,2039461682.4600,30.610100
sh.600906,2021-12-10,12.7844741400,13.3673829300,12.7548347100,13.1401473000,115657778,1525669498.9100,23.131600
sh.600906,2021-12-13,13.4365416000,13.6242579900,12.8733924300,12.9425511000,92952497,1248309671.1800,18.590500
sh.600906,2021-12-14,12.8635126200,13.0413492000,12.6955558500,12.7647145200,43954975,570475883.8800,8.791000
sh.600906,2021-12-15,12.6659164200,13.2488252100,12.6461568000,12.9623107200,51539173,677164850.2000,10.307800
sh.600906,2021-12-16,12.9623107200,13.1401473000,12.8437530000,13.0907482500,38465775,505959681.7200,7.693200
sh.600906,2021-12-17,13.1105078700,13.2389454000,12.8042337600,12.8437530000,42171568,555144426.2200,8.434300
sh.600906,2021-12-20,12.7449549000,12.9623107200,12.4782000300,12.5078394600,32638495,420304419.7300,6.527700
sh.600906,2021-12-21,12.5275990800,12.7350750900,12.3497625000,12.5473587000,33954621,431417117.6300,6.790900
sh.600906,2021-12-22,12.4880798400,13.3377435000,12.3794019300,12.8239933800,56536582,733474967.3700,11.307300
sh.600906,2021-12-23,12.7449549000,12.8338731900,12.5473587000,12.6263971800,29787261,381607624.1300,5.957500
sh.600906,2021-12-24,12.5967577500,12.7054356600,12.2213249700,12.2509644000,27849907,351449398.6200,5.570000
sh.600906,2021-12-27,12.3398826900,12.4386807900,12.2213249700,12.3003634500,15478159,192776137.5800,3.095600
sh.600906,2021-12-28,12.3102432600,12.5769981300,12.2608442100,12.5572385100,19975625,250968030.4500,3.995100
sh.600906,2021-12-29,12.4979596500,12.5572385100,12.3497625000,12.3497625000,18377282,231285842.3800,3.675500
sh.600906,2021-12-30,12.3398826900,12.7943539500,12.3102432600,12.6560366100,36619267,467923322.1000,7.323900
sh.600906,2021-12-31,12.6165173700,12.7943539500,12.5671183200,12.6066375600,24083221,308814585.2500,4.816600
sh.600906,2022-01-04,12.5374788900,12.5967577500,12.2608442100,12.5177192700,23940334,300819189.4000,4.788100
sh.600906,2022-01-05,12.4485606000,12.7251952800,12.4090413600,12.5078394600,29233286,371786510.8600,5.846700
sh.600906,2022-01-06,12.3794019300,12.5572385100,12.2707240200,12.3596423100,24538341,307783501.9400,4.907700
sh.600906,2022-01-07,12.3695221200,12.4782000300,12.1719259200,12.1719259200,19986400,249366072.0300,3.997300
sh.600906,2022-01-10,12.1719259200,12.2904836400,12.0731278200,12.1620461100,13820167,170270302.0900,2.764000
sh.600906,2022-01-11,12.1324066800,12.2707240200,12.1126470600,12.1521663000,15168912,186995949.1200,3.033800
sh.600906,2022-01-12,12.1916855400,12.2015653500,12.0632480100,12.1916855400,13834106,169893633.2800,2.766800
sh.600906,2022-01-13,12.2015653500,12.2608442100,11.8952912400,11.9051710500,18388439,225297625.0200,3.677700
sh.600906,2022-01-14,11.8360123800,11.8360123800,11.4506997900,11.5198584600,27373140,322318879.4800,5.474600
sh.600906,2022-01-17,11.4605796000,11.6087767500,11.4210603600,11.5099786500,14486660,168790226.3200,2.897300
sh.600906,2022-01-18,11.5593777000,11.8458921900,11.4902190300,11.6285363700,25686926,303219095.4600,5.137400
sh.600906,2022-01-19,11.7075748500,11.8952912400,11.5890171300,11.6482959900,17246668,204394050.5200,3.449300
sh.600906,2022-01-20,11.6285363700,12.1719259200,11.5791373200,11.9051710500,36223512,436238882.1100,7.244700
sh.600906,2022-01-21,11.8458921900,12.2114451600,11.7470940900,12.0336085800,33028408,401430891.6300,6.605700
sh.600906,2022-01-24,11.8656518100,12.1916855400,11.8656518100,11.9545701000,20076991,244303465.6400,4.015400
sh.600906,2022-01-25,11.8656518100,11.9051710500,11.2827430200,11.2926228300,21453364,252689818.5200,4.290700
sh.600906,2022-01-26,11.2926228300,11.8063729500,11.2926228300,11.7470940900,23023578,269957793.5500,4.604700
sh.600906,2022-01-27,11.6878152300,12.4782000300,11.5396180800,11.7075748500,42746918,516164139.4400,8.549400
sh.600906,2022-01-28,11.8755316200,12.8832722400,11.7668537100,12.1719259200,70094232,872085658.8400,14.018800
sh.600906,2022-02-07,12.1324066800,12.1324066800,11.8261325700,11.9249306700,40764723,492730933.4500,8.152900
sh.600906,2022-02-08,11.9249306700,12.3596423100,11.6581758000,12.3596423100,50680971,618348386.4300,10.136200
sh.600906,2022-02-09,12.1620461100,12.2707240200,12.1324066800,12.2312047800,31318500,386732374.0900,6.263700
sh.600906,2022-02-10,12.2015653500,12.3300028800,12.0731278200,12.2410845900,24591691,303895385.8500,4.918300
sh.600906,2022-02-11,12.1422864900,12.4288009800,11.9446902900,12.0434883900,36608391,451243924.7400,7.321700
sh.600906,2022-02-14,11.8854114300,11.9446902900,11.5396180800,11.5988969400,33724464,399358351.0300,6.744900
sh.600906,2022-02-15,11.6186565600,11.6581758000,11.4902190300,11.5692575100,16743324,195938287.8400,3.348700
sh.600906,2022-02-16,11.7372142800,11.7372142800,11.5099786500,11.5791373200,14151537,166143757.7900,2.830300
sh.600906,2022-02-17,11.4902190300,11.5890171300,11.4111805500,11.4210603600,16147758,187814929.6400,3.229600
sh.600906,2022-02-18,11.3716613100,11.7372142800,11.3716613100,11.5988969400,17546704,205500587.1300,3.509300
sh.600906,2022-02-21,11.5593777000,11.6878152300,11.5297382700,11.6186565600,14375488,168914479.1200,2.875100
sh.600906,2022-02-22,11.5000988400,11.6878152300,11.3617815000,11.3815411200,17702922,205649197.1500,3.540600
sh.600906,2022-02-23,11.3815411200,11.6087767500,11.3815411200,11.5297382700,15022751,174751573.5700,3.004600
sh.600906,2022-02-24,11.4704594100,11.5396180800,10.9863487200,11.0555073900,29240653,331774698.9400,5.848100
sh.600906,2022-02-25,11.1740651100,11.2234641600,11.0357477700,11.0456275800,15132900,170292703.0000,3.026600
sh.600906,2022-02-28,11.0258679600,11.1049064400,10.7986323300,10.9863487200,11488404,127304428.0000,2.297700
sh.600906,2022-03-01,11.0555073900,11.1049064400,10.9369496700,11.0456275800,11169700,124551038.0000,2.233900
sh.600906,2022-03-02,10.9863487200,11.0357477700,10.9369496700,11.0159881500,9045330,100568568.0000,1.809100
sh.600906,2022-03-03,11.0653872000,11.1147862500,10.9270698600,10.9270698600,10973100,122280606.0000,2.194600
sh.600906,2022-03-04,10.8579111900,10.8677910000,10.4824784100,10.4824784100,20418581,219924881.0000,4.083700
sh.600906,2022-03-07,10.4231995500,10.7393534700,10.3540408800,10.4923582200,16400490,174745587.0000,3.280100
sh.600906,2022-03-08,10.4824784100,10.7097140400,10.4034399300,10.4034399300,20449951,218847549.0000,4.090000
sh.600906,2022-03-09,10.5516370800,11.1938247300,10.2848822100,10.8085121400,43729590,472670368.0000,8.745900
sh.600906,2022-03-10,10.7492332800,10.8875506200,10.5911563200,10.6109159400,28517500,308921248.0000,5.703500
sh.600906,2022-03-11,10.4330793600,11.1740651100,10.2848822100,11.0851468200,47642859,521485344.0000,9.528600
sh.600906,2022-03-14,10.7887525200,11.1147862500,10.7788727100,10.8085121400,29790669,329607840.0000,5.958100
sh.600906,2022-03-15,10.7689929000,11.8854114300,10.7294736600,11.5494978900,137879548,1631132736.0000,27.575900
sh.600906,2022-03-16,11.2234641600,12.3991615500,10.9369496700,12.0039691500,137991021,1613938032.0000,27.598200
sh.600906,2022-03-17,11.8360123800,12.0434883900,11.4902190300,11.6482959900,89814046,1063424672.0000,17.962800
sh.600906,2022-03-18,11.5297382700,11.7174546600,11.4013007400,11.5593777000,49558490,579469291.1800,9.911700
sh.600906,2022-03-21,11.4309401700,11.5396180800,11.2728632100,11.3617815000,33420099,385621625.3900,6.684000
sh.600906,2022-03-22,11.3716613100,11.7372142800,11.3420218800,11.4111805500,49841773,581367436.9200,9.968400
sh.600906,2022-03-23,11.2432237800,11.4309401700,11.1147862500,11.1641853000,35112544,399649235.4600,7.022500
sh.600906,2022-03-24,11.0851468200,11.3716613100,10.9665891000,11.1444256800,31727722,358561456.9700,6.345500
sh.600906,2022-03-25,11.1049064400,11.3617815000,11.0456275800,11.0456275800,25463600,288338840.0000,5.092700
sh.600906,2022-03-28,10.8776708100,11.1049064400,10.8085121400,10.8480313800,22667700,250460582.0000,4.533500
sh.600906,2022-03-29,10.8579111900,10.9567092900,10.4627187900,10.5516370800,22673549,245410127.3600,4.534700
sh.600906,2022-03-30,10.6504351800,11.0653872000,10.6109159400,10.9073102400,34527108,379287723.9700,6.905400
sh.600906,2022-03-31,10.7986323300,10.9468294800,10.7788727100,10.7887525200,21182131,232513772.0000,4.236400
sh.600906,2022-04-01,10.7591130900,10.9665891000,10.7195938500,10.8183919500,26150254,287418266.9800,5.230100
sh.600906,2022-04-06,10.6899544200,10.9171900500,10.6405553700,10.7097140400,17647500,191776048.0000,3.529500
sh.600906,2022-04-07,10.6899544200,10.8579111900,10.5516370800,10.6010361300,21725510,235333603.5000,4.345100
sh.600906,2022-04-08,10.6701948000,10.7689929000,10.3738005000,10.6998342300,23812852,255771161.9400,4.762600
sh.600906,2022-04-11,10.5911563200,10.6603149900,10.3145216400,10.3540408800,18302743,193824154.1400,3.660500
sh.600906,2022-04-12,10.3935601200,10.8677910000,10.3145216400,10.7195938500,32703581,353118217.5500,6.540700
sh.600906,2022-04-13,10.6010361300,10.7986323300,10.4923582200,10.5022380300,24558281,264151357.1300,4.911700
sh.600906,2022-04-14,10.6109159400,10.8677910000,10.4923582200,10.7492332800,32988579,358450041.1900,6.597700
sh.600906,2022-04-15,10.6701948000,10.8282717600,9.6723339900,9.6723339900,64116100,650344454.0000,12.823200
sh.600906,2022-04-18,9.0894252000,9.2277425400,8.7436318500,8.8226703300,40839912,368878302.1200,8.168000
sh.600906,2022-04-19,8.7930309000,8.9214684300,8.6053145100,8.6942328000,24938000,220545734.0000,4.987600
sh.600906,2022-04-20,8.6547135600,8.7238722300,8.1804826800,8.2298817300,34949487,297544867.8000,6.989900
sh.600906,2022-04-21,8.1508432500,8.3780788800,8.0619249600,8.1310836300,32141348,267073428.2300,6.428300
sh.600906,2022-04-22,8.0421653400,8.3089202100,7.8050499000,7.8050499000,28246706,230417005.4200,5.649300
sh.600906,2022-04-25,7.5778142700,8.2101221100,7.5580546500,7.8544489500,46061858,370814609.5300,9.212400
sh.600906,2022-04-26,7.7951700900,7.8248095200,7.2517805400,7.3406988300,41282914,313878323.5000,8.256600
sh.600906,2022-04-27,7.2122613000,7.5185354100,7.0640641500,7.4790161700,33845502,250581358.2400,6.769100
sh.600906,2022-04-28,7.3802180700,7.4098575000,7.0344247200,7.0838237700,26530222,193351764.5100,5.306000
sh.600906,2022-04-29,7.3900978800,7.4592565500,7.1431026300,7.3802180700,34442389,255566785.1500,6.888500
sh.600906,2022-05-05,7.2419007300,7.4098575000,7.2122613000,7.3209392100,20667584,152996367.7800,4.133500
sh.600906,2022-05-06,7.2023814900,7.4493767400,7.1431026300,7.1431026300,25124852,184941217.1000,5.025000
sh.600906,2022-05-09,7.0443045300,7.2616603500,6.9850256700,7.1035833900,36532600,262432533.0000,2.871000
sh.600906,2022-05-10,7.0344247200,7.4296171200,7.0047852900,7.2912997800,45170582,331525923.4600,3.549900
sh.600906,2022-05-11,7.2616603500,7.4987757900,7.2419007300,7.2912997800,48287692,361020106.9600,3.794800
sh.600906,2022-05-12,7.2221411100,7.4296171200,7.0640641500,7.2221411100,35390700,259035559.0000,2.781300
sh.600906,2022-05-13,7.2616603500,7.4592565500,7.2122613000,7.4098575000,39716283,295702431.3700,3.121200
sh.600906,2022-05-16,7.4592565500,7.4691363600,7.2122613000,7.2814199700,30288921,224429024.7400,2.380400
sh.600906,2022-05-17,7.2616603500,7.3110594000,7.1628622500,7.2814199700,23618400,173001826.0000,1.856100
sh.600906,2022-05-18,7.3110594000,7.4296171200,7.2517805400,7.3011795900,32398208,241394432.0200,2.546100
sh.600906,2022-05-19,7.1628622500,7.3900978800,7.1332228200,7.3900978800,29448521,217201737.9400,2.314300
sh.600906,2022-05-20,7.4790161700,8.1310836300,7.4790161700,8.1310836300,148061786,1196976484.1400,11.635900
sh.600906,2022-05-23,7.9236076200,8.0322855300,7.8445691400,7.9334874300,88986204,714644460.5400,6.993300
sh.600906,2022-05-24,7.9137278100,8.1508432500,7.6272133200,7.6272133200,74417651,595120668.7300,5.848400
sh.600906,2022-05-25,7.7260114200,7.8643287600,7.6370931300,7.7754104700,51356612,401919843.0000,4.036000
sh.600906,2022-05-26,7.7457710400,8.2496413500,7.6173335100,8.0718047700,92837203,751737027.2800,7.295900
sh.600906,2022-05-27,8.0718047700,8.2298817300,7.9236076200,7.9927662900,69751838,569723948.7700,5.481700
sh.600906,2022-05-30,7.9334874300,8.0718047700,7.8248095200,7.9334874300,41145494,330137654.6100,3.233600
sh.600906,2022-05-31,7.9038480000,8.0224057200,7.8248095200,7.9927662900,48359600,388775332.2500,3.800500
sh.600906,2022-06-01,7.9631268600,8.1212038200,7.8544489500,7.9236076200,40466277,326200408.8100,3.180200
sh.600906,2022-06-02,7.8544489500,8.1310836300,7.7754104700,8.0125259100,46879298,377632079.8400,3.684200
sh.600906,2022-06-06,7.9236076200,8.3385596400,7.8840883800,8.2298817300,68238613,563829869.7400,5.362800
sh.600906,2022-06-07,8.2002423000,8.5954347000,8.1508432500,8.2496413500,72272584,610613338.0700,5.679800
sh.600906,2022-06-08,8.2002423000,8.4373577400,8.1508432500,8.3484394500,57533878,482608181.1700,4.521500
sh.600906,2022-06-09,8.3879586900,8.5855548900,8.2200019200,8.2595211600,70563777,600283402.4400,5.545500
sh.600906,2022-06-10,8.1508432500,8.7633914700,8.0718047700,8.6053145100,78871078,671981008.2900,6.198300
sh.600906,2022-06-13,8.4077183100,8.6448337500,8.3089202100,8.4472375500,65837877,564343237.3000,5.174100
sh.600906,2022-06-14,8.2990404000,9.2969012100,8.1607230600,9.2969012100,88245106,782133565.8500,6.935000
sh.600906,2022-06-15,9.8896898100,10.2256033500,9.7810119000,9.8304109500,158562232,1623748144.5600,12.461100
sh.600906,2022-06-16,9.6426945600,9.7513724700,9.0301463400,9.0499059600,153484780,1461144819.8600,12.062100
sh.600906,2022-06-17,8.9313482400,9.3759396900,8.7238722300,9.1684636800,103610563,945667621.0600,8.142600
sh.600906,2022-06-20,9.0400261500,9.1882233000,8.9214684300,8.9313482400,59618092,544801188.1300,4.685300
sh.600906,2022-06-21,8.9214684300,9.0301463400,8.7732712800,8.8720693800,45579300,410810066.0000,3.582000
sh.600906,2022-06-22,8.8720693800,8.9609876700,8.5954347000,8.6349539400,49641100,441847516.0000,3.901200
sh.600906,2022-06-23,8.5855548900,9.0795453900,8.5855548900,8.9906271000,71498158,643152928.2600,5.618900
sh.600906,2022-06-24,8.9906271000,9.1190646300,8.8424299500,9.0103867200,54472031,496133368.6200,4.280900
sh.600906,2022-06-27,9.0993050100,9.1585838700,8.8523097600,8.8918290000,44200998,400686783.8000,3.473700
sh.600906,2022-06-28,8.8523097600,9.0301463400,8.7633914700,8.9906271000,39238906,352432704.7800,3.083700
sh.600906,2022-06-29,8.9313482400,9.0795453900,8.7930309000,8.8029107100,48829992,443332266.0800,3.837500
sh.600906,2022-06-30,8.8127905200,9.0005069100,8.8029107100,8.8819491900,38689917,349103884.0700,3.040600
sh.600906,2022-07-01,8.9017088100,8.9412280500,8.6645933700,8.7041126100,29726300,263988192.0300,2.336100
sh.600906,2022-07-04,8.6547135600,8.8127905200,8.5460356500,8.7238722300,21612135,189739580.6500,1.698500
sh.600906,2022-07-05,8.7436318500,8.7831510900,8.4472375500,8.5559154600,24013292,208887984.3600,1.887200
sh.600906,2022-07-06,8.5262760300,8.6645933700,8.4472375500,8.4669971700,23316037,201767665.4400,1.832400
sh.600906,2022-07-07,8.4669971700,8.5163962200,8.3484394500,8.3681990700,22577834,192724018.3800,1.774400
sh.600906,2022-07-08,8.3780788800,8.5460356500,8.3089202100,8.3188000200,21424940,182708328.2000,1.683700
sh.600906,2022-07-11,8.3188000200,8.3780788800,8.2496413500,8.2792807800,17371100,146216998.0000,1.365200
sh.600906,2022-07-12,8.2990404000,8.5756750800,8.2496413500,8.3681990700,31654300,269559572.4300,2.487700
sh.600906,2022-07-13,8.3681990700,8.4472375500,8.2792807800,8.3188000200,19879445,167975603.4600,1.562300
sh.600906,2022-07-14,8.2891605900,8.3286798300,8.2200019200,8.2298817300,17554497,146805912.0100,1.379600
sh.600906,2022-07-15,8.2298817300,8.2397615400,7.8840883800,7.9038480000,28799609,234709994.2100,2.263300
sh.600906,2022-07-18,7.9038480000,8.2002423000,7.9038480000,8.1706028700,27782702,228265926.3000,2.183400
sh.600906,2022-07-19,8.1903624900,8.2496413500,8.0816845800,8.2002423000,17027384,140798632.1600,1.338200
sh.600906,2022-07-20,8.2101221100,8.2792807800,8.1212038200,8.1409634400,15782408,130702619.8400,1.240300
sh.600906,2022-07-21,8.1409634400,8.1706028700,8.0322855300,8.0421653400,14613800,119940959.0000,1.148500
sh.600906,2022-07-22,8.0816845800,8.2002423000,7.9137278100,7.9927662900,19778600,161078557.0000,1.554400
sh.600906,2022-07-25,7.9927662900,8.0619249600,7.8840883800,7.8840883800,13018500,104671541.0000,1.023100
sh.600906,2022-07-26,7.9532470500,8.0026461000,7.8840883800,7.9433672400,12618782,101397143.9900,0.991700
sh.600906,2022-07-27,7.8939681900,7.9927662900,7.8742085700,7.9532470500,12118469,97250145.6900,0.952400
sh.600906,2022-07-28,8.0125259100,8.1212038200,7.9927662900,7.9927662900,19932240,162465881.6000,1.566400
sh.600906,2022-07-29,7.9828864800,8.0322855300,7.8840883800,7.8939681900,12998240,104597493.6000,1.021500
sh.600906,2022-08-01,7.8939681900,7.9236076200,7.7161316100,7.9236076200,12873640,102212472.4000,1.011700
sh.600906,2022-08-02,7.8050499000,7.8050499000,7.4197373100,7.5086556000,27047353,206885674.5200,2.125600
sh.600906,2022-08-03,7.5086556000,7.6766123700,7.4888959800,7.5284152200,19040371,146322577.2000,1.496300
sh.600906,2022-08-04,7.5876940800,7.7457710400,7.5481748400,7.6864921800,16871032,130450028.0000,1.325900
sh.600906,2022-08-05,7.6864921800,7.8742085700,7.6370931300,7.8742085700,24950617,196037882.0000,1.960800
sh.600906,2022-08-08,7.7556508500,7.8840883800,7.7556508500,7.8544489500,14432300,114277675.0000,1.134200
sh.600906,2022-08-09,7.8939681900,8.0224057200,7.7852902800,7.8445691400,17525216,140125222.0000,1.377300
sh.600906,2022-08-10,7.7655306600,8.0026461000,7.7556508500,7.8544489500,14481549,115437495.0000,1.138100
sh.600906,2022-08-11,7.9236076200,8.2694009700,7.8840883800,8.2200019200,47820137,393060446.0000,3.758100
sh.600906,2022-08-12,8.1500000000,8.2100000000,8.0800000000,8.0900000000,27395824,222980534.0000,2.153000
sh.600906,2022-08-15,8.0300000000,8.1300000000,8.0200000000,8.0500000000,15174691,122350796.9900,1.192600
sh.600906,2022-08-16,8.1000000000,8.1300000000,8.0000000000,8.0200000000,14862236,119460744.1800,1.168000
sh.600906,2022-08-17,8.0200000000,8.1800000000,7.9700000000,8.1400000000,28718506,232586472.1000,2.256900
sh.600906,2022-08-18,8.1000000000,8.1200000000,8.0200000000,8.0500000000,15522508,125149890.2600,1.219900
sh.600906,2022-08-19,8.0700000000,8.1600000000,8.0100000000,8.0100000000,20622300,166871533.0000,1.620700
sh.600906,2022-08-22,8.0400000000,8.2000000000,8.0300000000,8.0800000000,22522710,182736630.1000,1.716100
sh.600906,2022-08-23,8.0500000000,8.2500000000,8.0300000000,8.1000000000,21489111,174425731.7800,1.637300
sh.600906,2022-08-24,8.0800000000,8.3500000000,8.0000000000,8.0100000000,34765406,284060399.7100,2.648900
sh.600906,2022-08-25,8.0300000000,8.1500000000,7.9600000000,8.1500000000,30490584,246255634.0100,2.323200
sh.600906,2022-08-26,8.1200000000,8.1300000000,7.9900000000,8.0200000000,22559655,181369230.5500,1.718900
sh.600906,2022-08-29,7.8900000000,7.9500000000,7.7200000000,7.7700000000,23605645,184067946.3000,1.798600
sh.600906,2022-08-30,7.7700000000,8.0800000000,7.7700000000,7.9700000000,27057761,215361396.0900,2.061600
sh.600906,2022-08-31,7.9200000000,8.3300000000,7.9000000000,8.1800000000,61760519,506887469.6800,4.705700
sh.600906,2022-09-01,8.1300000000,8.2300000000,7.9000000000,7.9500000000,35371692,285568138.1200,2.695100
sh.600906,2022-09-02,7.9500000000,8.0200000000,7.7700000000,7.8400000000,24788608,194654946.6000,1.888700
sh.600906,2022-09-05,7.8000000000,7.9200000000,7.7900000000,7.8900000000,13284112,104318757.0800,1.012200
sh.600906,2022-09-06,7.9100000000,7.9900000000,7.8400000000,7.9700000000,18012041,142702025.7900,1.372400
sh.600906,2022-09-07,7.9400000000,7.9400000000,7.8600000000,7.8900000000,14519822,114479309.7200,1.106300
sh.600906,2022-09-08,7.9000000000,7.9300000000,7.7900000000,7.8200000000,12729584,99812626.8900,0.969900
sh.600906,2022-09-09,7.8200000000,7.9600000000,7.8000000000,7.9000000000,16906708,133449763.8600,1.288200
sh.600906,2022-09-13,7.8500000000,8.0700000000,7.8500000000,7.9800000000,22432282,179175165.5400,1.709200
sh.600906,2022-09-14,7.8400000000,7.9600000000,7.8200000000,7.8900000000,15104869,118923006.4100,1.150900
sh.600906,2022-09-15,7.9600000000,8.6800000000,7.9500000000,8.2100000000,96787907,803052332.5900,7.374600
sh.600906,2022-09-16,8.1500000000,8.1900000000,7.5600000000,7.7400000000,71675800,558898467.0000,5.461200
sh.600906,2022-09-19,7.6000000000,7.6400000000,7.3500000000,7.4100000000,28990654,215918958.9100,2.208900
sh.600906,2022-09-20,7.4600000000,7.4900000000,7.3600000000,7.4000000000,16990157,125708074.2600,1.294500
sh.600906,2022-09-21,7.3700000000,7.4300000000,7.2100000000,7.4200000000,16312113,119481033.5800,1.242900
sh.600906,2022-09-22,7.3500000000,7.4300000000,7.3100000000,7.3400000000,11990794,88375072.9300,0.913600
sh.600906,2022-09-23,7.3300000000,7.4500000000,7.2100000000,7.3300000000,14883528,109191606.4400,1.134000
sh.600906,2022-09-26,7.2100000000,7.2900000000,7.1000000000,7.1100000000,12935900,93096414.0000,0.985600
sh.600906,2022-09-27,7.1500000000,7.2100000000,7.1000000000,7.2100000000,9478818,67828413.8900,0.722200
sh.600906,2022-09-28,7.1600000000,7.2400000000,7.0500000000,7.0500000000,10275741,73341516.5100,0.782900
sh.600906,2022-09-29,7.1300000000,7.1500000000,6.9000000000,6.9200000000,12923856,90592711.1800,0.984700
sh.600906,2022-09-30,6.9300000000,7.0200000000,6.8500000000,6.8500000000,10140673,70356936.2500,0.772600
sh.600906,2022-10-10,6.8600000000,6.9000000000,6.6900000000,6.7300000000,9317708,63358184.7200,0.709900
sh.600906,2022-10-11,6.7200000000,6.8800000000,6.7100000000,6.8200000000,9463323,64308141.9500,0.721000
sh.600906,2022-10-12,6.8000000000,6.9700000000,6.7700000000,6.9700000000,12892272,88766961.4100,0.982300
sh.600906,2022-10-13,6.9300000000,7.0500000000,6.9000000000,6.9600000000,11806797,82287200.4800,0.899600
sh.600906,2022-10-14,7.0200000000,7.1500000000,7.0100000000,7.0600000000,14102196,99801718.7600,1.074500
sh.600906,2022-10-17,7.0300000000,7.5900000000,7.0100000000,7.2700000000,33238298,244037737.6300,2.532500
sh.600906,2022-10-18,7.2900000000,7.3500000000,7.1500000000,7.2300000000,21864312,158329356.2900,1.665900
sh.600906,2022-10-19,7.2000000000,7.2700000000,7.1500000000,7.1500000000,12120117,87082050.3700,0.923500
sh.600906,2022-10-20,7.1000000000,7.3400000000,7.1000000000,7.1600000000,18670120,134598675.4400,1.422500
sh.600906,2022-10-21,7.4500000000,7.5000000000,7.2600000000,7.2800000000,30066218,221622928.9900,2.290800
sh.600906,2022-10-24,7.3300000000,7.6500000000,7.2200000000,7.2800000000,29668849,219491536.1400,2.260600
sh.600906,2022-10-25,7.3500000000,7.3900000000,7.1200000000,7.1300000000,25225104,181751768.9600,1.922000
sh.600906,2022-10-26,7.1700000000,7.3600000000,7.1300000000,7.2600000000,23503014,170192558.5500,1.790800
sh.600906,2022-10-27,7.3900000000,7.4400000000,7.2700000000,7.2800000000,23145207,170079045.6200,1.763500
sh.600906,2022-10-28,7.2000000000,7.3000000000,7.0100000000,7.0800000000,22163740,158828002.9000,1.688700
sh.600906,2022-10-31,7.0300000000,7.4200000000,7.0300000000,7.2100000000,21378864,154085274.3600,1.628900
sh.600906,2022-11-01,7.2000000000,7.3800000000,7.2000000000,7.3800000000,24272778,177349653.6300,1.849400
sh.600906,2022-11-02,7.3200000000,7.4500000000,7.3000000000,7.3900000000,24160158,178073429.2000,1.840800
sh.600906,2022-11-03,7.3000000000,7.3700000000,7.2100000000,7.3600000000,14396703,105448975.1500,1.096900
sh.600906,2022-11-04,7.3600000000,7.5500000000,7.3600000000,7.4800000000,31813236,237396054.6200,2.423900
sh.600906,2022-11-07,7.4600000000,7.5400000000,7.4200000000,7.4800000000,19036202,142467892.2900,1.450400
sh.600906,2022-11-08,7.4900000000,7.5300000000,7.3800000000,7.4400000000,14114600,104919224.0000,1.075400
sh.600906,2022-11-09,7.4700000000,7.4800000000,7.3700000000,7.3700000000,12745660,94523793.7400,0.971100
sh.600906,2022-11-10,7.3500000000,7.5500000000,7.3100000000,7.4600000000,22104009,164622068.9500,1.684200
sh.600906,2022-11-11,7.7200000000,7.7800000000,7.4800000000,7.5900000000,40082350,304332657.3100,3.054000
